Product;Application-Areas;SubDomain;Domain;Company
Degressal® SD 20; Commercial Laundry;I&I;Home care and I&I;BASF
Demelan® GC 17; Commercial Laundry;I&I;Home care and I&I;BASF
Lutensol® M 7; Commercial Laundry;I&I;Home care and I&I;BASF
Lutensol® M 7/MB (EU); Commercial Laundry;I&I;Home care and I&I;BASF
Lutensol® TO 10; Commercial Laundry;I&I;Home care and I&I;BASF
Lutensol® TO 109; Commercial Laundry;I&I;Home care and I&I;BASF
Lutensol® TO 12; Commercial Laundry;I&I;Home care and I&I;BASF
Lutensol® TO 129; Commercial Laundry;I&I;Home care and I&I;BASF
Lutensol® TO 3; Commercial Laundry;I&I;Home care and I&I;BASF
Lutensol® TO 5; Commercial Laundry;I&I;Home care and I&I;BASF
Lutensol® TO 6; Commercial Laundry;I&I;Home care and I&I;BASF
Lutensol® TO 89; Commercial Laundry;I&I;Home care and I&I;BASF
Lutensol® XP 79; Commercial Laundry;I&I;Home care and I&I;BASF
Plurafac® LF 131; Commercial Laundry;I&I;Home care and I&I;BASF
Plurafac® LF 431; Commercial Laundry;I&I;Home care and I&I;BASF
Plurafac® LF 500; Commercial Laundry;I&I;Home care and I&I;BASF
Plurafac® LF 7319; Commercial Laundry;I&I;Home care and I&I;BASF
Pluriol® E 200; Commercial Laundry;I&I;Home care and I&I;BASF
Pluriol® E 600; Commercial Laundry;I&I;Home care and I&I;BASF
Sokalan® CP 12 S; Commercial Laundry;I&I;Home care and I&I;BASF
Sokalan® CP 13 S; Commercial Laundry;I&I;Home care and I&I;BASF
Sokalan® CP 5 Granules; Commercial Laundry;I&I;Home care and I&I;BASF
Sokalan® CP 7; Commercial Laundry;I&I;Home care and I&I;BASF
Sokalan® PA 30 CL Granules; Commercial Laundry;I&I;Home care and I&I;BASF
Sokalan® PA 30 CL PN Granules; Commercial Laundry;I&I;Home care and I&I;BASF
Sulfopon® 1216 G; Commercial Laundry;I&I;Home care and I&I;BASF
Sulfopon® 8515 G; Commercial Laundry;I&I;Home care and I&I;BASF
Trilon® B liquid; Commercial Laundry;I&I;Home care and I&I;BASF
Trilon® B Powder; Commercial Laundry;I&I;Home care and I&I;BASF
Trilon® BS; Commercial Laundry;I&I;Home care and I&I;BASF
Trilon® BX Liquid; Commercial Laundry;I&I;Home care and I&I;BASF
Trilon® BX Powder; Commercial Laundry;I&I;Home care and I&I;BASF
Dehydol® 04 Deo; Commercial Laundry;I&I;Home care and I&I;BASF
Dehydol® 100; Commercial Laundry;I&I;Home care and I&I;BASF
Dehydol® 100/MB; Commercial Laundry;I&I;Home care and I&I;BASF
Dehydol® 980; Commercial Laundry;I&I;Home care and I&I;BASF
Dehydol® 980/MB; Commercial Laundry;I&I;Home care and I&I;BASF
Dehydol® LS 6/MB; Commercial Laundry;I&I;Home care and I&I;BASF
Dehydol® LT 6; Commercial Laundry;I&I;Home care and I&I;BASF
Dehypound® GL; Commercial Laundry;I&I;Home care and I&I;BASF
Dehyton® PK 45 LA; Commercial Laundry;I&I;Home care and I&I;BASF
Emulan® TO 4070; Commercial Laundry;I&I;Home care and I&I;BASF
Lavergy® Pro 104 L; Commercial Laundry;I&I;Home care and I&I;BASF
Lavergy® Pro 104 LS; Commercial Laundry;I&I;Home care and I&I;BASF
Lutensol® AO 7; Commercial Laundry;I&I;Home care and I&I;BASF
Lutensol® CS 6250; Commercial Laundry;I&I;Home care and I&I;BASF
Lutensol® TO 7; Commercial Laundry;I&I;Home care and I&I;BASF
Lutensol® XL 79; Commercial Laundry;I&I;Home care and I&I;BASF
Lutensol® XL 89; Commercial Laundry;I&I;Home care and I&I;BASF
Lutensol® XP 69; Commercial Laundry;I&I;Home care and I&I;BASF
Lutensol® XP 89; Commercial Laundry;I&I;Home care and I&I;BASF
Lutensol® XP 99; Commercial Laundry;I&I;Home care and I&I;BASF
Luvipur® FM 75; Commercial Laundry;I&I;Home care and I&I;BASF
Luvipur® FM 85; Commercial Laundry;I&I;Home care and I&I;BASF
Luvipur® FM 99; Commercial Laundry;I&I;Home care and I&I;BASF
Plurafac® LF 120; Commercial Laundry;I&I;Home care and I&I;BASF
Plurafac® LF 223Dishwashing; Commercial Laundry;I&I;Home care and I&I;BASF
Plurafac® LF 224; Commercial Laundry;I&I;Home care and I&I;BASF
Plurafac® LF 231; Commercial Laundry;I&I;Home care and I&I;BASF
Plurafac® LF 305; Commercial Laundry;I&I;Home care and I&I;BASF
Rheovis® AT 120; Commercial Laundry;I&I;Home care and I&I;BASF
Sokalan® CP 10; Commercial Laundry;I&I;Home care and I&I;BASF
Sokalan® CP 5; Commercial Laundry;I&I;Home care and I&I;BASF
Sokalan® HP 20; Commercial Laundry;I&I;Home care and I&I;BASF
Sokalan® PA 25 CL PN; Commercial Laundry;I&I;Home care and I&I;BASF
Texapon® N 701; Commercial Laundry;I&I;Home care and I&I;BASF
Trilon® M Max EcoBalanced; Commercial Laundry;I&I;Home care and I&I;BASF
Dehydol® LT 7; Commercial Laundry;I&I;Home care and I&I;BASF
Dehydol® LT 7/MB; Commercial Laundry;I&I;Home care and I&I;BASF
Dehyton® PK 45; Commercial Laundry;I&I;Home care and I&I;BASF
Lutensol® TO 8; Commercial Laundry;I&I;Home care and I&I;BASF
Lutensol® XL 140; Commercial Laundry;I&I;Home care and I&I;BASF
Lutensol® XL 60; Commercial Laundry;I&I;Home care and I&I;BASF
Lutensol® XP 40; Commercial Laundry;I&I;Home care and I&I;BASF
Lutensol® XP 60; Commercial Laundry;I&I;Home care and I&I;BASF
Lutensol® XP 70; Commercial Laundry;I&I;Home care and I&I;BASF
Lutropur® MSA; Commercial Laundry;I&I;Home care and I&I;BASF
Plantatex® LLE; Commercial Laundry;I&I;Home care and I&I;BASF
Plurafac® LF 303; Commercial Laundry;I&I;Home care and I&I;BASF
Plurafac® LF 400; Commercial Laundry;I&I;Home care and I&I;BASF
Plurafac® LF 403; Commercial Laundry;I&I;Home care and I&I;BASF
Plurafac® LF 900; Commercial Laundry;I&I;Home care and I&I;BASF
Sokalan® CP 10 S; Commercial Laundry;I&I;Home care and I&I;BASF
Sokalan® CP 9; Commercial Laundry;I&I;Home care and I&I;BASF
Sulfopon® 101 UP; Commercial Laundry;I&I;Home care and I&I;BASF
Texapon® EHS; Commercial Laundry;I&I;Home care and I&I;BASF
Texapon® LS 30; Commercial Laundry;I&I;Home care and I&I;BASF
Tinogard® TL; Commercial Laundry;I&I;Home care and I&I;BASF
Tinogard® TT; Commercial Laundry;I&I;Home care and I&I;BASF
Trilon® M Granules SG; Commercial Laundry;I&I;Home care and I&I;BASF
Trilon® M Liquid; Commercial Laundry;I&I;Home care and I&I;BASF
Trilon® M Max BioBased L; Commercial Laundry;I&I;Home care and I&I;BASF
Cibafast® HA Liquid; Commercial Laundry;I&I;Home care and I&I;BASF
Glucopon® 215 UP; Commercial Laundry;I&I;Home care and I&I;BASF
Glucopon® 50 G; Commercial Laundry;I&I;Home care and I&I;BASF
Glucopon® 600 CSUP; Commercial Laundry;I&I;Home care and I&I;BASF
Glucopon® 650 EC; Commercial Laundry;I&I;Home care and I&I;BASF
Lutensol® XL 100; Commercial Laundry;I&I;Home care and I&I;BASF
Lutensol® XL 40; Commercial Laundry;I&I;Home care and I&I;BASF
Lutensol® XL 50; Commercial Laundry;I&I;Home care and I&I;BASF
Lutensol® XL 70; Commercial Laundry;I&I;Home care and I&I;BASF
Lutensol® XL 80; Commercial Laundry;I&I;Home care and I&I;BASF
Lutensol® XL 90; Commercial Laundry;I&I;Home care and I&I;BASF
Lutensol® XP 100; Commercial Laundry;I&I;Home care and I&I;BASF
Lutensol® XP 30; Commercial Laundry;I&I;Home care and I&I;BASF
Lutensol® XP 50; Commercial Laundry;I&I;Home care and I&I;BASF
Lutensol® XP 80; Commercial Laundry;I&I;Home care and I&I;BASF
Lutensol® XP 90; Commercial Laundry;I&I;Home care and I&I;BASF
Sokalan® PA 25 CL Granules; Commercial Laundry;I&I;Home care and I&I;BASF
Sokalan® PA 30 CL; Commercial Laundry;I&I;Home care and I&I;BASF
Texapon® 842 UP; Commercial Laundry;I&I;Home care and I&I;BASF
Texapon® K 30 UP; Commercial Laundry;I&I;Home care and I&I;BASF
Texapon® N 70; Commercial Laundry;I&I;Home care and I&I;BASF
Texapon® NSO UP; Commercial Laundry;I&I;Home care and I&I;BASF
Tinogard® Q; Commercial Laundry;I&I;Home care and I&I;BASF
Tinogard® TS; Commercial Laundry;I&I;Home care and I&I;BASF
Tinosan® HP 100; Commercial Laundry;I&I;Home care and I&I;BASF
Trilon® M Powder; Commercial Laundry;I&I;Home care and I&I;BASF
Degressal® SD 40; Food and Beverage Processing;I&I;Home care and I&I;BASF
Dehydol® LS 6/MB; Food and Beverage Processing;I&I;Home care and I&I;BASF
Dehydol® LT 6; Food and Beverage Processing;I&I;Home care and I&I;BASF
Dehypon® 2574; Food and Beverage Processing;I&I;Home care and I&I;BASF
Dehypon® 2574/MB; Food and Beverage Processing;I&I;Home care and I&I;BASF
Dehypon® GRA; Food and Beverage Processing;I&I;Home care and I&I;BASF
Dehypon® LS 24; Food and Beverage Processing;I&I;Home care and I&I;BASF
Dehypon® LS 24/MB; Food and Beverage Processing;I&I;Home care and I&I;BASF
Dehypon® LS 45; Food and Beverage Processing;I&I;Home care and I&I;BASF
Dehypon® LS 45/MB; Food and Beverage Processing;I&I;Home care and I&I;BASF
Dehypon® LT 104; Food and Beverage Processing;I&I;Home care and I&I;BASF
Dehypon® LT 104 L; Food and Beverage Processing;I&I;Home care and I&I;BASF
Dehypound® GL; Food and Beverage Processing;I&I;Home care and I&I;BASF
Dehyton® PK 45 LA; Food and Beverage Processing;I&I;Home care and I&I;BASF
Demelan® AU-39/Bio; Food and Beverage Processing;I&I;Home care and I&I;BASF
Disponil® LDBS 55; Food and Beverage Processing;I&I;Home care and I&I;BASF
Emulan® TO 4070; Food and Beverage Processing;I&I;Home care and I&I;BASF
Glucopon® 425 N/HH; Food and Beverage Processing;I&I;Home care and I&I;BASF
Lavergy® Pro 104 L; Food and Beverage Processing;I&I;Home care and I&I;BASF
Lavergy® Pro 104 LS; Food and Beverage Processing;I&I;Home care and I&I;BASF
Lutensol® CS 6250; Food and Beverage Processing;I&I;Home care and I&I;BASF
Lutensol® TO 7; Food and Beverage Processing;I&I;Home care and I&I;BASF
Lutensol® XL 79; Food and Beverage Processing;I&I;Home care and I&I;BASF
Lutensol® XL 89; Food and Beverage Processing;I&I;Home care and I&I;BASF
Lutensol® XP 69; Food and Beverage Processing;I&I;Home care and I&I;BASF
Lutensol® XP 89; Food and Beverage Processing;I&I;Home care and I&I;BASF
Lutensol® XP 99; Food and Beverage Processing;I&I;Home care and I&I;BASF
Luvipur® FM 75; Food and Beverage Processing;I&I;Home care and I&I;BASF
Luvipur® FM 85; Food and Beverage Processing;I&I;Home care and I&I;BASF
Luvipur® FM 99; Food and Beverage Processing;I&I;Home care and I&I;BASF
Plurafac® LF 120; Food and Beverage Processing;I&I;Home care and I&I;BASF
Plurafac® LF 221; Food and Beverage Processing;I&I;Home care and I&I;BASF
Plurafac® LF 223Dishwashing; Food and Beverage Processing;I&I;Home care and I&I;BASF
Plurafac® LF 224; Food and Beverage Processing;I&I;Home care and I&I;BASF
Plurafac® LF 231; Food and Beverage Processing;I&I;Home care and I&I;BASF
Plurafac® LF 305; Food and Beverage Processing;I&I;Home care and I&I;BASF
Plurafac® LF 901; Food and Beverage Processing;I&I;Home care and I&I;BASF
Protectol® FM 75; Food and Beverage Processing;I&I;Home care and I&I;BASF
Protectol® FM 85; Food and Beverage Processing;I&I;Home care and I&I;BASF
Protectol® FM 99; Food and Beverage Processing;I&I;Home care and I&I;BASF
Protectol® GL; Food and Beverage Processing;I&I;Home care and I&I;BASF
Protectol® GL non BPR; Food and Beverage Processing;I&I;Home care and I&I;BASF
Protectol® NP S; Food and Beverage Processing;I&I;Home care and I&I;BASF
Sokalan® CP 10; Food and Beverage Processing;I&I;Home care and I&I;BASF
Sokalan® PA 25 CL PN; Food and Beverage Processing;I&I;Home care and I&I;BASF
Dehypon® KE 3447; Food and Beverage Processing;I&I;Home care and I&I;BASF
Dehypon® LS 54; Food and Beverage Processing;I&I;Home care and I&I;BASF
Dehypon® LS 54/MB; Food and Beverage Processing;I&I;Home care and I&I;BASF
Dehyton® PK 45; Food and Beverage Processing;I&I;Home care and I&I;BASF
Dehyton® PL; Food and Beverage Processing;I&I;Home care and I&I;BASF
Lutensol® TO 8; Food and Beverage Processing;I&I;Home care and I&I;BASF
Lutensol® XL 140; Food and Beverage Processing;I&I;Home care and I&I;BASF
Lutensol® XL 60; Food and Beverage Processing;I&I;Home care and I&I;BASF
Lutensol® XP 40; Food and Beverage Processing;I&I;Home care and I&I;BASF
Lutensol® XP 60; Food and Beverage Processing;I&I;Home care and I&I;BASF
Lutensol® XP 70; Food and Beverage Processing;I&I;Home care and I&I;BASF
Lutropur® MSA; Food and Beverage Processing;I&I;Home care and I&I;BASF
Plurafac® LF 303; Food and Beverage Processing;I&I;Home care and I&I;BASF
Plurafac® LF 400; Food and Beverage Processing;I&I;Home care and I&I;BASF
Plurafac® LF 403; Food and Beverage Processing;I&I;Home care and I&I;BASF
Plurafac® LF 900; Food and Beverage Processing;I&I;Home care and I&I;BASF
Sokalan® CP 10 S; Food and Beverage Processing;I&I;Home care and I&I;BASF
Sulfopon® 101 UP; Food and Beverage Processing;I&I;Home care and I&I;BASF
Texapon® EHS; Food and Beverage Processing;I&I;Home care and I&I;BASF
Texapon® LS 30; Food and Beverage Processing;I&I;Home care and I&I;BASF
Tinogard® HS; Food and Beverage Processing;I&I;Home care and I&I;BASF
Tinogard® TL; Food and Beverage Processing;I&I;Home care and I&I;BASF
Tinogard® TT; Food and Beverage Processing;I&I;Home care and I&I;BASF
Trilon® M Granules SG; Food and Beverage Processing;I&I;Home care and I&I;BASF
Trilon® M Liquid; Food and Beverage Processing;I&I;Home care and I&I;BASF
Trilon® M Max BioBased L; Food and Beverage Processing;I&I;Home care and I&I;BASF
Cibafast® HA Liquid; Food and Beverage Processing;I&I;Home care and I&I;BASF
Glucopon® 215 UP; Food and Beverage Processing;I&I;Home care and I&I;BASF
Glucopon® 50 G; Food and Beverage Processing;I&I;Home care and I&I;BASF
Glucopon® 600 CSUP; Food and Beverage Processing;I&I;Home care and I&I;BASF
Glucopon® 650 EC; Food and Beverage Processing;I&I;Home care and I&I;BASF
Lutensol® XL 100; Food and Beverage Processing;I&I;Home care and I&I;BASF
Lutensol® XL 40; Food and Beverage Processing;I&I;Home care and I&I;BASF
Lutensol® XL 50; Food and Beverage Processing;I&I;Home care and I&I;BASF
Lutensol® XL 70; Food and Beverage Processing;I&I;Home care and I&I;BASF
Lutensol® XL 80; Food and Beverage Processing;I&I;Home care and I&I;BASF
Lutensol® XL 90; Food and Beverage Processing;I&I;Home care and I&I;BASF
Lutensol® XP 100; Food and Beverage Processing;I&I;Home care and I&I;BASF
Lutensol® XP 30; Food and Beverage Processing;I&I;Home care and I&I;BASF
Lutensol® XP 50; Food and Beverage Processing;I&I;Home care and I&I;BASF
Lutensol® XP 80; Food and Beverage Processing;I&I;Home care and I&I;BASF
Lutensol® XP 90; Food and Beverage Processing;I&I;Home care and I&I;BASF
Sokalan® PA 25 CL Granules; Food and Beverage Processing;I&I;Home care and I&I;BASF
Sokalan® PA 30 CL; Food and Beverage Processing;I&I;Home care and I&I;BASF
Texapon® 842 UP; Food and Beverage Processing;I&I;Home care and I&I;BASF
Texapon® K 30 UP; Food and Beverage Processing;I&I;Home care and I&I;BASF
Texapon® N 70; Food and Beverage Processing;I&I;Home care and I&I;BASF
Texapon® NSO UP; Food and Beverage Processing;I&I;Home care and I&I;BASF
Tinogard® DA; Food and Beverage Processing;I&I;Home care and I&I;BASF
Tinogard® Q; Food and Beverage Processing;I&I;Home care and I&I;BASF
Tinogard® TS; Food and Beverage Processing;I&I;Home care and I&I;BASF
Tinosan® HP 100; Food and Beverage Processing;I&I;Home care and I&I;BASF
Trilon® M Powder; Food and Beverage Processing;I&I;Home care and I&I;BASF
Dehydol® 04 Deo; Food Service and Kitchen Hygiene;I&I;Home care and I&I;BASF
Dehydol® 100; Food Service and Kitchen Hygiene;I&I;Home care and I&I;BASF
Dehydol® 100/MB; Food Service and Kitchen Hygiene;I&I;Home care and I&I;BASF
Dehydol® 980; Food Service and Kitchen Hygiene;I&I;Home care and I&I;BASF
Dehydol® 980/MB; Food Service and Kitchen Hygiene;I&I;Home care and I&I;BASF
Dehypon® KE 3447; Food Service and Kitchen Hygiene;I&I;Home care and I&I;BASF
Dehypon® LS 54; Food Service and Kitchen Hygiene;I&I;Home care and I&I;BASF
Dehypon® LS 54/MB; Food Service and Kitchen Hygiene;I&I;Home care and I&I;BASF
Dehypon® WET; Food Service and Kitchen Hygiene;I&I;Home care and I&I;BASF
Dehyton® PK 45; Food Service and Kitchen Hygiene;I&I;Home care and I&I;BASF
Dehyton® PL; Food Service and Kitchen Hygiene;I&I;Home care and I&I;BASF
Lutensol® TO 8; Food Service and Kitchen Hygiene;I&I;Home care and I&I;BASF
Lutensol® XL 140; Food Service and Kitchen Hygiene;I&I;Home care and I&I;BASF
Lutensol® XL 60; Food Service and Kitchen Hygiene;I&I;Home care and I&I;BASF
Lutensol® XP 40; Food Service and Kitchen Hygiene;I&I;Home care and I&I;BASF
Lutensol® XP 60; Food Service and Kitchen Hygiene;I&I;Home care and I&I;BASF
Lutensol® XP 70; Food Service and Kitchen Hygiene;I&I;Home care and I&I;BASF
Lutropur® MSA; Food Service and Kitchen Hygiene;I&I;Home care and I&I;BASF
Plurafac® LF 303; Food Service and Kitchen Hygiene;I&I;Home care and I&I;BASF
Plurafac® LF 400; Food Service and Kitchen Hygiene;I&I;Home care and I&I;BASF
Plurafac® LF 403; Food Service and Kitchen Hygiene;I&I;Home care and I&I;BASF
Plurafac® LF 900; Food Service and Kitchen Hygiene;I&I;Home care and I&I;BASF
Pluriol® E 6000 Powder; Food Service and Kitchen Hygiene;I&I;Home care and I&I;BASF
Sokalan® CP 10 S; Food Service and Kitchen Hygiene;I&I;Home care and I&I;BASF
Sokalan® CP 5; Food Service and Kitchen Hygiene;I&I;Home care and I&I;BASF
Sulfopon® 101 UP; Food Service and Kitchen Hygiene;I&I;Home care and I&I;BASF
Texapon® EHS; Food Service and Kitchen Hygiene;I&I;Home care and I&I;BASF
Tinogard® HS; Food Service and Kitchen Hygiene;I&I;Home care and I&I;BASF
Tinogard® TL; Food Service and Kitchen Hygiene;I&I;Home care and I&I;BASF
Tinogard® TT; Food Service and Kitchen Hygiene;I&I;Home care and I&I;BASF
Trilon® M Granules SG; Food Service and Kitchen Hygiene;I&I;Home care and I&I;BASF
Cibafast® HA Liquid; Food Service and Kitchen Hygiene;I&I;Home care and I&I;BASF
Dehydol® LT 7; Food Service and Kitchen Hygiene;I&I;Home care and I&I;BASF
Dehydol® LT 7/MB; Food Service and Kitchen Hygiene;I&I;Home care and I&I;BASF
Glucopon® 215 UP; Food Service and Kitchen Hygiene;I&I;Home care and I&I;BASF
Glucopon® 50 G; Food Service and Kitchen Hygiene;I&I;Home care and I&I;BASF
Glucopon® 600 CSUP; Food Service and Kitchen Hygiene;I&I;Home care and I&I;BASF
Glucopon® 650 EC; Food Service and Kitchen Hygiene;I&I;Home care and I&I;BASF
Lutensol® XL 100; Food Service and Kitchen Hygiene;I&I;Home care and I&I;BASF
Lutensol® XL 40; Food Service and Kitchen Hygiene;I&I;Home care and I&I;BASF
Lutensol® XL 50; Food Service and Kitchen Hygiene;I&I;Home care and I&I;BASF
Lutensol® XL 70; Food Service and Kitchen Hygiene;I&I;Home care and I&I;BASF
Lutensol® XL 80; Food Service and Kitchen Hygiene;I&I;Home care and I&I;BASF
Lutensol® XL 90; Food Service and Kitchen Hygiene;I&I;Home care and I&I;BASF
Lutensol® XP 100; Food Service and Kitchen Hygiene;I&I;Home care and I&I;BASF
Lutensol® XP 30; Food Service and Kitchen Hygiene;I&I;Home care and I&I;BASF
Lutensol® XP 50; Food Service and Kitchen Hygiene;I&I;Home care and I&I;BASF
Lutensol® XP 80; Food Service and Kitchen Hygiene;I&I;Home care and I&I;BASF
Lutensol® XP 90; Food Service and Kitchen Hygiene;I&I;Home care and I&I;BASF
Plantatex® LLE; Food Service and Kitchen Hygiene;I&I;Home care and I&I;BASF
Sokalan® CP 9; Food Service and Kitchen Hygiene;I&I;Home care and I&I;BASF
Sokalan® PA 25 CL Granules; Food Service and Kitchen Hygiene;I&I;Home care and I&I;BASF
Sokalan® PA 30 CL; Food Service and Kitchen Hygiene;I&I;Home care and I&I;BASF
Texapon® 842 UP; Food Service and Kitchen Hygiene;I&I;Home care and I&I;BASF
Texapon® K 30 UP; Food Service and Kitchen Hygiene;I&I;Home care and I&I;BASF
Texapon® N 70; Food Service and Kitchen Hygiene;I&I;Home care and I&I;BASF
Texapon® NSO UP; Food Service and Kitchen Hygiene;I&I;Home care and I&I;BASF
Tinogard® DA; Food Service and Kitchen Hygiene;I&I;Home care and I&I;BASF
Tinogard® Q; Food Service and Kitchen Hygiene;I&I;Home care and I&I;BASF
Tinogard® TS; Food Service and Kitchen Hygiene;I&I;Home care and I&I;BASF
Tinosan® HP 100; Food Service and Kitchen Hygiene;I&I;Home care and I&I;BASF
Trilon® M Powder; Food Service and Kitchen Hygiene;I&I;Home care and I&I;BASF
Cibafast® HA Liquid; Hard Surface Cleaning;Homecare;Home care and I&I;BASF
Dehydol® LT 7; Hard Surface Cleaning;Homecare;Home care and I&I;BASF
Dehydol® LT 7/MB; Hard Surface Cleaning;Homecare;Home care and I&I;BASF
Glucopon® 215 UP; Hard Surface Cleaning;Homecare;Home care and I&I;BASF
Glucopon® 50 G; Hard Surface Cleaning;Homecare;Home care and I&I;BASF
Glucopon® 600 CSUP; Hard Surface Cleaning;Homecare;Home care and I&I;BASF
Glucopon® 650 EC; Hard Surface Cleaning;Homecare;Home care and I&I;BASF
Lutensol® AO 7; Hard Surface Cleaning;Homecare;Home care and I&I;BASF
Lutensol® AO 8; Hard Surface Cleaning;Homecare;Home care and I&I;BASF
Lutensol® XL 100; Hard Surface Cleaning;Homecare;Home care and I&I;BASF
Lutensol® XL 40; Hard Surface Cleaning;Homecare;Home care and I&I;BASF
Lutensol® XL 50; Hard Surface Cleaning;Homecare;Home care and I&I;BASF
Lutensol® XL 70; Hard Surface Cleaning;Homecare;Home care and I&I;BASF
Lutensol® XL 80; Hard Surface Cleaning;Homecare;Home care and I&I;BASF
Lutensol® XL 90; Hard Surface Cleaning;Homecare;Home care and I&I;BASF
Lutensol® XP 100; Hard Surface Cleaning;Homecare;Home care and I&I;BASF
Lutensol® XP 30; Hard Surface Cleaning;Homecare;Home care and I&I;BASF
Lutensol® XP 50; Hard Surface Cleaning;Homecare;Home care and I&I;BASF
Lutensol® XP 80; Hard Surface Cleaning;Homecare;Home care and I&I;BASF
Lutensol® XP 90; Hard Surface Cleaning;Homecare;Home care and I&I;BASF
Plantatex® LLE; Hard Surface Cleaning;Homecare;Home care and I&I;BASF
Rheovis® AT 120; Hard Surface Cleaning;Homecare;Home care and I&I;BASF
Rheovis® TTA; Hard Surface Cleaning;Homecare;Home care and I&I;BASF
Sokalan® CP 9; Hard Surface Cleaning;Homecare;Home care and I&I;BASF
Sokalan® HP 20; Hard Surface Cleaning;Homecare;Home care and I&I;BASF
Sokalan® PA 25 CL Granules; Hard Surface Cleaning;Homecare;Home care and I&I;BASF
Sokalan® PA 30 CL; Hard Surface Cleaning;Homecare;Home care and I&I;BASF
Sulfopon® 1214 G; Hard Surface Cleaning;Homecare;Home care and I&I;BASF
Texapon® 842 UP; Hard Surface Cleaning;Homecare;Home care and I&I;BASF
Texapon® K 30 UP; Hard Surface Cleaning;Homecare;Home care and I&I;BASF
Texapon® LS 30; Hard Surface Cleaning;Homecare;Home care and I&I;BASF
Texapon® N 70; Hard Surface Cleaning;Homecare;Home care and I&I;BASF
Texapon® N 701; Hard Surface Cleaning;Homecare;Home care and I&I;BASF
Texapon® NSO UP; Hard Surface Cleaning;Homecare;Home care and I&I;BASF
Tinogard® DA; Hard Surface Cleaning;Homecare;Home care and I&I;BASF
Tinogard® Q; Hard Surface Cleaning;Homecare;Home care and I&I;BASF
Tinogard® TS; Hard Surface Cleaning;Homecare;Home care and I&I;BASF
Tinosan® HP 100; Hard Surface Cleaning;Homecare;Home care and I&I;BASF
Trilon® M Liquid; Hard Surface Cleaning;Homecare;Home care and I&I;BASF
Trilon® M Max BioBased L; Hard Surface Cleaning;Homecare;Home care and I&I;BASF
Trilon® M Max EcoBalanced; Hard Surface Cleaning;Homecare;Home care and I&I;BASF
Trilon® M Powder; Hard Surface Cleaning;Homecare;Home care and I&I;BASF
Disponil® SUS IC 875; Industrial Cleaning;I&I;Home care and I&I;BASF
Lutensol® AO 5; Industrial Cleaning;I&I;Home care and I&I;BASF
Lutensol® AT 25 Flakes; Industrial Cleaning;I&I;Home care and I&I;BASF
Lutensol® AT 25 Flakes/MB; Industrial Cleaning;I&I;Home care and I&I;BASF
Pluronic® PE 6400; Industrial Cleaning;I&I;Home care and I&I;BASF
Pluronic® RPE 1740; Industrial Cleaning;I&I;Home care and I&I;BASF
Degressal® SD 20; Industrial Cleaning;I&I;Home care and I&I;BASF
Degressal® SD 40; Industrial Cleaning;I&I;Home care and I&I;BASF
Dehypon® LS 36; Industrial Cleaning;I&I;Home care and I&I;BASF
Dehypon® LS 36/MB; Industrial Cleaning;I&I;Home care and I&I;BASF
Lutensit® A-EP; Industrial Cleaning;I&I;Home care and I&I;BASF
Lutensol® ON 70; Industrial Cleaning;I&I;Home care and I&I;BASF
Lutensol® ON 80; Industrial Cleaning;I&I;Home care and I&I;BASF
Lutensol® TO 10; Industrial Cleaning;I&I;Home care and I&I;BASF
Lutensol® TO 109; Industrial Cleaning;I&I;Home care and I&I;BASF
Lutensol® TO 12; Industrial Cleaning;I&I;Home care and I&I;BASF
Lutensol® TO 129; Industrial Cleaning;I&I;Home care and I&I;BASF
Lutensol® TO 389; Industrial Cleaning;I&I;Home care and I&I;BASF
Lutensol® TO 6; Industrial Cleaning;I&I;Home care and I&I;BASF
Plurafac® LF 1300; Industrial Cleaning;I&I;Home care and I&I;BASF
Plurafac® LF 300; Industrial Cleaning;I&I;Home care and I&I;BASF
Plurafac® LF 401; Industrial Cleaning;I&I;Home care and I&I;BASF
Pluriol® E 6000 Flakes; Industrial Cleaning;I&I;Home care and I&I;BASF
Pluronic® RPE 2520; Industrial Cleaning;I&I;Home care and I&I;BASF
Pluronic® RPE 3110; Industrial Cleaning;I&I;Home care and I&I;BASF
Poligen® WE 1; Industrial Cleaning;I&I;Home care and I&I;BASF
Poligen® WE 3; Industrial Cleaning;I&I;Home care and I&I;BASF
Poligen® WE 4; Industrial Cleaning;I&I;Home care and I&I;BASF
Poligen® WE 6; Industrial Cleaning;I&I;Home care and I&I;BASF
Protectol® GA 24; Industrial Cleaning;I&I;Home care and I&I;BASF
Protectol® GA 24 AS; Industrial Cleaning;I&I;Home care and I&I;BASF
Protectol® GA 50; Industrial Cleaning;I&I;Home care and I&I;BASF
Protectol® GA 50 AS; Industrial Cleaning;I&I;Home care and I&I;BASF
Protectol® GA 50 non BPR; Industrial Cleaning;I&I;Home care and I&I;BASF
Protectol® PE; Industrial Cleaning;I&I;Home care and I&I;BASF
Sokalan® DCS; Industrial Cleaning;I&I;Home care and I&I;BASF
Dehypon® 2574; Industrial Cleaning;I&I;Home care and I&I;BASF
Dehypon® 2574/MB; Industrial Cleaning;I&I;Home care and I&I;BASF
Dehypon® LS 24; Industrial Cleaning;I&I;Home care and I&I;BASF
Dehypon® LS 24/MB; Industrial Cleaning;I&I;Home care and I&I;BASF
Dehypon® LT 104; Industrial Cleaning;I&I;Home care and I&I;BASF
Dehypon® LT 104 L; Industrial Cleaning;I&I;Home care and I&I;BASF
Dehypon® WET; Industrial Cleaning;I&I;Home care and I&I;BASF
Glucopon® 100 DK; Industrial Cleaning;I&I;Home care and I&I;BASF
Glucopon® 225 DK; Industrial Cleaning;I&I;Home care and I&I;BASF
Lavergy® Pro 104 L; Industrial Cleaning;I&I;Home care and I&I;BASF
Lavergy® Pro 104 LS; Industrial Cleaning;I&I;Home care and I&I;BASF
Lutensol® FA 12 K; Industrial Cleaning;I&I;Home care and I&I;BASF
Plurafac® LF 431; Industrial Cleaning;I&I;Home care and I&I;BASF
Plurafac® LF 500; Industrial Cleaning;I&I;Home care and I&I;BASF
Pluriol® E 6000 Powder; Industrial Cleaning;I&I;Home care and I&I;BASF
Polyquart® 149 A; Industrial Cleaning;I&I;Home care and I&I;BASF
Protectol® GL; Industrial Cleaning;I&I;Home care and I&I;BASF
Protectol® GL non BPR; Industrial Cleaning;I&I;Home care and I&I;BASF
Protectol® NP S; Industrial Cleaning;I&I;Home care and I&I;BASF
Trilon® BS; Industrial Cleaning;I&I;Home care and I&I;BASF
Dehypon® KE 3447; Industrial Cleaning;I&I;Home care and I&I;BASF
Dehypon® LS 54; Industrial Cleaning;I&I;Home care and I&I;BASF
Dehypon® LS 54/MB; Industrial Cleaning;I&I;Home care and I&I;BASF
Lutensol® TO 7; Industrial Cleaning;I&I;Home care and I&I;BASF
Lutensol® XL 79; Industrial Cleaning;I&I;Home care and I&I;BASF
Lutensol® XL 89; Industrial Cleaning;I&I;Home care and I&I;BASF
Plurafac® LF 224; Industrial Cleaning;I&I;Home care and I&I;BASF
Plurafac® LF 305; Industrial Cleaning;I&I;Home care and I&I;BASF
Sokalan® PA 30 CL Granules; Industrial Cleaning;I&I;Home care and I&I;BASF
Sokalan® PA 30 CL PN Granules; Industrial Cleaning;I&I;Home care and I&I;BASF
Tinogard® HS; Industrial Cleaning;I&I;Home care and I&I;BASF
Trilon® B liquid; Industrial Cleaning;I&I;Home care and I&I;BASF
Trilon® B Powder; Industrial Cleaning;I&I;Home care and I&I;BASF
Dehydol® 980; Industrial Cleaning;I&I;Home care and I&I;BASF
Dehydol® 980/MB; Industrial Cleaning;I&I;Home care and I&I;BASF
Emulan® TO 4070; Industrial Cleaning;I&I;Home care and I&I;BASF
Lutensol® XL 140; Industrial Cleaning;I&I;Home care and I&I;BASF
Lutensol® XL 60; Industrial Cleaning;I&I;Home care and I&I;BASF
Luvipur® FM 75; Industrial Cleaning;I&I;Home care and I&I;BASF
Luvipur® FM 85; Industrial Cleaning;I&I;Home care and I&I;BASF
Luvipur® FM 99; Industrial Cleaning;I&I;Home care and I&I;BASF
Sokalan® HP 20; Industrial Cleaning;I&I;Home care and I&I;BASF
Sokalan® PA 25 CL PN; Industrial Cleaning;I&I;Home care and I&I;BASF
Tinogard® TL; Industrial Cleaning;I&I;Home care and I&I;BASF
Tinogard® TT; Industrial Cleaning;I&I;Home care and I&I;BASF
Trilon® M Max EcoBalanced; Industrial Cleaning;I&I;Home care and I&I;BASF
Lutensol® XL 50; Industrial Cleaning;I&I;Home care and I&I;BASF
Lutensol® XL 70; Industrial Cleaning;I&I;Home care and I&I;BASF
Lutensol® XL 80; Industrial Cleaning;I&I;Home care and I&I;BASF
Sokalan® PA 30 CL; Industrial Cleaning;I&I;Home care and I&I;BASF
Trilon® M Powder; Industrial Cleaning;I&I;Home care and I&I;BASF
Degressal® SD 40; Institutional Cleaning and Sanitation;I&I;Home care and I&I;BASF
Dehydol® O4 Deo; Institutional Cleaning and Sanitation;I&I;Home care and I&I;BASF
Dehypon® LS 36; Institutional Cleaning and Sanitation;I&I;Home care and I&I;BASF
Dehypon® LS 36/MB; Institutional Cleaning and Sanitation;I&I;Home care and I&I;BASF
Demelan® VPC; Institutional Cleaning and Sanitation;I&I;Home care and I&I;BASF
Deriphat® 160 C; Institutional Cleaning and Sanitation;I&I;Home care and I&I;BASF
Glucopon® 100 DK; Institutional Cleaning and Sanitation;I&I;Home care and I&I;BASF
Glucopon® 225 DK; Institutional Cleaning and Sanitation;I&I;Home care and I&I;BASF
Glucopon® 600 CSUP/MB; Institutional Cleaning and Sanitation;I&I;Home care and I&I;BASF
Glucopon® 650 EC/MB; Institutional Cleaning and Sanitation;I&I;Home care and I&I;BASF
Glucopon® GD 70; Institutional Cleaning and Sanitation;I&I;Home care and I&I;BASF
Lutensol® FA 12 K; Institutional Cleaning and Sanitation;I&I;Home care and I&I;BASF
Lutensol® PO 5; Institutional Cleaning and Sanitation;I&I;Home care and I&I;BASF
Lutensol® TO 2; Institutional Cleaning and Sanitation;I&I;Home care and I&I;BASF
Lutensol® TO 20; Institutional Cleaning and Sanitation;I&I;Home care and I&I;BASF
Lutensol® TO 389; Institutional Cleaning and Sanitation;I&I;Home care and I&I;BASF
Maranil® DBS/LC; Institutional Cleaning and Sanitation;I&I;Home care and I&I;BASF
Plantatex® HCC; Institutional Cleaning and Sanitation;I&I;Home care and I&I;BASF
Plurafac® LF 1300; Institutional Cleaning and Sanitation;I&I;Home care and I&I;BASF
Plurafac® LF 220; Institutional Cleaning and Sanitation;I&I;Home care and I&I;BASF
Plurafac® LF 300; Institutional Cleaning and Sanitation;I&I;Home care and I&I;BASF
Plurafac® LF 401; Institutional Cleaning and Sanitation;I&I;Home care and I&I;BASF
Pluriol® E 6000 Flakes; Institutional Cleaning and Sanitation;I&I;Home care and I&I;BASF
Pluronic® PE 6100; Institutional Cleaning and Sanitation;I&I;Home care and I&I;BASF
Pluronic® RPE 2520; Institutional Cleaning and Sanitation;I&I;Home care and I&I;BASF
Pluronic® RPE 3110; Institutional Cleaning and Sanitation;I&I;Home care and I&I;BASF
Polyquart® 149 A; Institutional Cleaning and Sanitation;I&I;Home care and I&I;BASF
Polyquart® Ecoclean; Institutional Cleaning and Sanitation;I&I;Home care and I&I;BASF
Polyquart® PN 60; Institutional Cleaning and Sanitation;I&I;Home care and I&I;BASF
Polyquart® Pro A; Institutional Cleaning and Sanitation;I&I;Home care and I&I;BASF
Protectol® GA 24; Institutional Cleaning and Sanitation;I&I;Home care and I&I;BASF
Protectol® GA 24 AS; Institutional Cleaning and Sanitation;I&I;Home care and I&I;BASF
Protectol® GA 50; Institutional Cleaning and Sanitation;I&I;Home care and I&I;BASF
Protectol® GA 50 AS; Institutional Cleaning and Sanitation;I&I;Home care and I&I;BASF
Protectol® GA 50 non BPR; Institutional Cleaning and Sanitation;I&I;Home care and I&I;BASF
Protectol® PE; Institutional Cleaning and Sanitation;I&I;Home care and I&I;BASF
Sokalan® CP 50; Institutional Cleaning and Sanitation;I&I;Home care and I&I;BASF
Sokalan® DCS; Institutional Cleaning and Sanitation;I&I;Home care and I&I;BASF
Sulfopon® 1218 G; Institutional Cleaning and Sanitation;I&I;Home care and I&I;BASF
Dehypon® 2574; Institutional Cleaning and Sanitation;I&I;Home care and I&I;BASF
Dehypon® 2574/MB; Institutional Cleaning and Sanitation;I&I;Home care and I&I;BASF
Dehypon® LS 24; Institutional Cleaning and Sanitation;I&I;Home care and I&I;BASF
Dehypon® LS 24/MB; Institutional Cleaning and Sanitation;I&I;Home care and I&I;BASF
Dehypon® LT 104; Institutional Cleaning and Sanitation;I&I;Home care and I&I;BASF
Dehypon® LT 104 L; Institutional Cleaning and Sanitation;I&I;Home care and I&I;BASF
Dehypon® WET; Institutional Cleaning and Sanitation;I&I;Home care and I&I;BASF
Demelan® AU-39/Bio; Institutional Cleaning and Sanitation;I&I;Home care and I&I;BASF
Demelan® GC 17; Institutional Cleaning and Sanitation;I&I;Home care and I&I;BASF
Disponil® LDBS 55; Institutional Cleaning and Sanitation;I&I;Home care and I&I;BASF
Glucopon® 425 N/HH; Institutional Cleaning and Sanitation;I&I;Home care and I&I;BASF
Lutensol® XP 79; Institutional Cleaning and Sanitation;I&I;Home care and I&I;BASF
Plurafac® LF 221; Institutional Cleaning and Sanitation;I&I;Home care and I&I;BASF
Plurafac® LF 431; Institutional Cleaning and Sanitation;I&I;Home care and I&I;BASF
Plurafac® LF 500; Institutional Cleaning and Sanitation;I&I;Home care and I&I;BASF
Plurafac® LF 901; Institutional Cleaning and Sanitation;I&I;Home care and I&I;BASF
Pluriol® E 6000 Powder; Institutional Cleaning and Sanitation;I&I;Home care and I&I;BASF
Protectol® FM 75; Institutional Cleaning and Sanitation;I&I;Home care and I&I;BASF
Protectol® FM 85; Institutional Cleaning and Sanitation;I&I;Home care and I&I;BASF
Protectol® FM 99; Institutional Cleaning and Sanitation;I&I;Home care and I&I;BASF
Protectol® GL; Institutional Cleaning and Sanitation;I&I;Home care and I&I;BASF
Protectol® GL non BPR; Institutional Cleaning and Sanitation;I&I;Home care and I&I;BASF
Protectol® NP S; Institutional Cleaning and Sanitation;I&I;Home care and I&I;BASF
Rheovis® TTA; Institutional Cleaning and Sanitation;I&I;Home care and I&I;BASF
Sokalan® PA 30 CL Granules; Institutional Cleaning and Sanitation;I&I;Home care and I&I;BASF
Sokalan® PA 30 CL PN Granules; Institutional Cleaning and Sanitation;I&I;Home care and I&I;BASF
Trilon® B liquid; Institutional Cleaning and Sanitation;I&I;Home care and I&I;BASF
Trilon® B Powder; Institutional Cleaning and Sanitation;I&I;Home care and I&I;BASF
Dehydol® 100; Institutional Cleaning and Sanitation;I&I;Home care and I&I;BASF
Dehydol® 100/MB; Institutional Cleaning and Sanitation;I&I;Home care and I&I;BASF
Dehydol® 980; Institutional Cleaning and Sanitation;I&I;Home care and I&I;BASF
Dehydol® 980/MB; Institutional Cleaning and Sanitation;I&I;Home care and I&I;BASF
Dehydol® LT 6; Institutional Cleaning and Sanitation;I&I;Home care and I&I;BASF
Dehypon® KE 3447; Institutional Cleaning and Sanitation;I&I;Home care and I&I;BASF
Dehypon® LS 54; Institutional Cleaning and Sanitation;I&I;Home care and I&I;BASF
Dehypon® LS 54/MB; Institutional Cleaning and Sanitation;I&I;Home care and I&I;BASF
Dehypound® GL; Institutional Cleaning and Sanitation;I&I;Home care and I&I;BASF
Dehyton® PL; Institutional Cleaning and Sanitation;I&I;Home care and I&I;BASF
Emulan® TO 4070; Institutional Cleaning and Sanitation;I&I;Home care and I&I;BASF
Lutensol® AO 7; Institutional Cleaning and Sanitation;I&I;Home care and I&I;BASF
Lutensol® CS 6250; Institutional Cleaning and Sanitation;I&I;Home care and I&I;BASF
Lutensol® XL 79; Institutional Cleaning and Sanitation;I&I;Home care and I&I;BASF
Lutensol® XL 89; Institutional Cleaning and Sanitation;I&I;Home care and I&I;BASF
Lutensol® XP 69; Institutional Cleaning and Sanitation;I&I;Home care and I&I;BASF
Lutensol® XP 89; Institutional Cleaning and Sanitation;I&I;Home care and I&I;BASF
Lutensol® XP 99; Institutional Cleaning and Sanitation;I&I;Home care and I&I;BASF
Luvipur® FM 75; Institutional Cleaning and Sanitation;I&I;Home care and I&I;BASF
Luvipur® FM 85; Institutional Cleaning and Sanitation;I&I;Home care and I&I;BASF
Luvipur® FM 99; Institutional Cleaning and Sanitation;I&I;Home care and I&I;BASF
Plurafac® LF 120; Institutional Cleaning and Sanitation;I&I;Home care and I&I;BASF
Plurafac® LF 224; Institutional Cleaning and Sanitation;I&I;Home care and I&I;BASF
Plurafac® LF 305; Institutional Cleaning and Sanitation;I&I;Home care and I&I;BASF
Rheovis® AT 120; Institutional Cleaning and Sanitation;I&I;Home care and I&I;BASF
Sokalan® CP 10; Institutional Cleaning and Sanitation;I&I;Home care and I&I;BASF
Sokalan® HP 20; Institutional Cleaning and Sanitation;I&I;Home care and I&I;BASF
Sokalan® PA 25 CL PN; Institutional Cleaning and Sanitation;I&I;Home care and I&I;BASF
Tinogard® HS; Institutional Cleaning and Sanitation;I&I;Home care and I&I;BASF
Trilon® M Max EcoBalanced; Institutional Cleaning and Sanitation;I&I;Home care and I&I;BASF
Dehydol® LT 7; Institutional Cleaning and Sanitation;I&I;Home care and I&I;BASF
Dehydol® LT 7/MB; Institutional Cleaning and Sanitation;I&I;Home care and I&I;BASF
Dehyton® PK 45; Institutional Cleaning and Sanitation;I&I;Home care and I&I;BASF
Lutensol® TO 8; Institutional Cleaning and Sanitation;I&I;Home care and I&I;BASF
Lutensol® XL 140; Institutional Cleaning and Sanitation;I&I;Home care and I&I;BASF
Lutensol® XL 60; Institutional Cleaning and Sanitation;I&I;Home care and I&I;BASF
Lutensol® XP 40; Institutional Cleaning and Sanitation;I&I;Home care and I&I;BASF
Lutensol® XP 60; Institutional Cleaning and Sanitation;I&I;Home care and I&I;BASF
Lutensol® XP 70; Institutional Cleaning and Sanitation;I&I;Home care and I&I;BASF
Lutropur® MSA; Institutional Cleaning and Sanitation;I&I;Home care and I&I;BASF
Plantatex® LLE; Institutional Cleaning and Sanitation;I&I;Home care and I&I;BASF
Plurafac® LF 303; Institutional Cleaning and Sanitation;I&I;Home care and I&I;BASF
Plurafac® LF 403; Institutional Cleaning and Sanitation;I&I;Home care and I&I;BASF
Sokalan® CP 10 S; Institutional Cleaning and Sanitation;I&I;Home care and I&I;BASF
Sokalan® CP 9; Institutional Cleaning and Sanitation;I&I;Home care and I&I;BASF
Texapon® EHS; Institutional Cleaning and Sanitation;I&I;Home care and I&I;BASF
Tinogard® DA; Institutional Cleaning and Sanitation;I&I;Home care and I&I;BASF
Tinogard® TL; Institutional Cleaning and Sanitation;I&I;Home care and I&I;BASF
Tinogard® TT; Institutional Cleaning and Sanitation;I&I;Home care and I&I;BASF
Trilon® M Granules SG; Institutional Cleaning and Sanitation;I&I;Home care and I&I;BASF
Trilon® M Liquid; Institutional Cleaning and Sanitation;I&I;Home care and I&I;BASF
Trilon® M Max BioBased L; Institutional Cleaning and Sanitation;I&I;Home care and I&I;BASF
Cibafast® HA Liquid; Institutional Cleaning and Sanitation;I&I;Home care and I&I;BASF
Glucopon® 215 UP; Institutional Cleaning and Sanitation;I&I;Home care and I&I;BASF
Glucopon® 600 CSUP; Institutional Cleaning and Sanitation;I&I;Home care and I&I;BASF
Glucopon® 650 EC; Institutional Cleaning and Sanitation;I&I;Home care and I&I;BASF
Lutensol® XL 100; Institutional Cleaning and Sanitation;I&I;Home care and I&I;BASF
Lutensol® XL 40; Institutional Cleaning and Sanitation;I&I;Home care and I&I;BASF
Lutensol® XL 50; Institutional Cleaning and Sanitation;I&I;Home care and I&I;BASF
Lutensol® XL 70; Institutional Cleaning and Sanitation;I&I;Home care and I&I;BASF
Lutensol® XL 80; Institutional Cleaning and Sanitation;I&I;Home care and I&I;BASF
Lutensol® XL 90; Institutional Cleaning and Sanitation;I&I;Home care and I&I;BASF
Lutensol® XP 100; Institutional Cleaning and Sanitation;I&I;Home care and I&I;BASF
Lutensol® XP 30; Institutional Cleaning and Sanitation;I&I;Home care and I&I;BASF
Lutensol® XP 50; Institutional Cleaning and Sanitation;I&I;Home care and I&I;BASF
Lutensol® XP 80; Institutional Cleaning and Sanitation;I&I;Home care and I&I;BASF
Lutensol® XP 90; Institutional Cleaning and Sanitation;I&I;Home care and I&I;BASF
Sokalan® PA 25 CL Granules; Institutional Cleaning and Sanitation;I&I;Home care and I&I;BASF
Sokalan® PA 30 CL; Institutional Cleaning and Sanitation;I&I;Home care and I&I;BASF
Texapon® 842 UP; Institutional Cleaning and Sanitation;I&I;Home care and I&I;BASF
Texapon® N 70; Institutional Cleaning and Sanitation;I&I;Home care and I&I;BASF
Texapon® NSO UP; Institutional Cleaning and Sanitation;I&I;Home care and I&I;BASF
Tinogard® Q; Institutional Cleaning and Sanitation;I&I;Home care and I&I;BASF
Tinogard® TS; Institutional Cleaning and Sanitation;I&I;Home care and I&I;BASF
Tinosan® HP 100; Institutional Cleaning and Sanitation;I&I;Home care and I&I;BASF
Trilon® M Powder; Institutional Cleaning and Sanitation;I&I;Home care and I&I;BASF
Dehyton® P CAW; Vehicle and Transportation Care;I&I;Home care and I&I;BASF
Glucopon® 215 UP/MB; Vehicle and Transportation Care;I&I;Home care and I&I;BASF
Glucopon® 225 DK/MB (EU); Vehicle and Transportation Care;I&I;Home care and I&I;BASF
Korantin® MAT; Vehicle and Transportation Care;I&I;Home care and I&I;BASF
Korantin® PP; Vehicle and Transportation Care;I&I;Home care and I&I;BASF
Lutensit® A-EP; Vehicle and Transportation Care;I&I;Home care and I&I;BASF
Lutensol® ON 70; Vehicle and Transportation Care;I&I;Home care and I&I;BASF
Lutensol® ON 80; Vehicle and Transportation Care;I&I;Home care and I&I;BASF
Poligen® WE 1; Vehicle and Transportation Care;I&I;Home care and I&I;BASF
Poligen® WE 3; Vehicle and Transportation Care;I&I;Home care and I&I;BASF
Poligen® WE 4; Vehicle and Transportation Care;I&I;Home care and I&I;BASF
Poligen® WE 6; Vehicle and Transportation Care;I&I;Home care and I&I;BASF
Polyquart® Ecoclean Max; Vehicle and Transportation Care;I&I;Home care and I&I;BASF
Dehydol® O4 Deo; Vehicle and Transportation Care;I&I;Home care and I&I;BASF
Demelan® VPC; Vehicle and Transportation Care;I&I;Home care and I&I;BASF
Deriphat® 160 C; Vehicle and Transportation Care;I&I;Home care and I&I;BASF
Glucopon® 100 DK; Vehicle and Transportation Care;I&I;Home care and I&I;BASF
Glucopon® 225 DK; Vehicle and Transportation Care;I&I;Home care and I&I;BASF
Glucopon® 600 CSUP/MB; Vehicle and Transportation Care;I&I;Home care and I&I;BASF
Glucopon® 650 EC/MB; Vehicle and Transportation Care;I&I;Home care and I&I;BASF
Glucopon® GD 70; Vehicle and Transportation Care;I&I;Home care and I&I;BASF
Lutensol® FA 12 K; Vehicle and Transportation Care;I&I;Home care and I&I;BASF
Lutensol® M 7; Vehicle and Transportation Care;I&I;Home care and I&I;BASF
Lutensol® M 7/MB (EU); Vehicle and Transportation Care;I&I;Home care and I&I;BASF
Lutensol® PO 5; Vehicle and Transportation Care;I&I;Home care and I&I;BASF
Maranil® DBS/LC; Vehicle and Transportation Care;I&I;Home care and I&I;BASF
Plantatex® HCC; Vehicle and Transportation Care;I&I;Home care and I&I;BASF
Polyquart® 149 A; Vehicle and Transportation Care;I&I;Home care and I&I;BASF
Polyquart® Ecoclean; Vehicle and Transportation Care;I&I;Home care and I&I;BASF
Polyquart® PN 60; Vehicle and Transportation Care;I&I;Home care and I&I;BASF
Polyquart® Pro A; Vehicle and Transportation Care;I&I;Home care and I&I;BASF
Sokalan® CP 50; Vehicle and Transportation Care;I&I;Home care and I&I;BASF
Sulfopon® 1218 G; Vehicle and Transportation Care;I&I;Home care and I&I;BASF
Trilon® BS; Vehicle and Transportation Care;I&I;Home care and I&I;BASF
Trilon® BX Liquid; Vehicle and Transportation Care;I&I;Home care and I&I;BASF
Trilon® BX Powder; Vehicle and Transportation Care;I&I;Home care and I&I;BASF
Dehyton® PK 45 LA; Vehicle and Transportation Care;I&I;Home care and I&I;BASF
Demelan® AU-39/Bio; Vehicle and Transportation Care;I&I;Home care and I&I;BASF
Disponil® LDBS 55; Vehicle and Transportation Care;I&I;Home care and I&I;BASF
Lutensol® TO 7; Vehicle and Transportation Care;I&I;Home care and I&I;BASF
Plurafac® LF 221; Vehicle and Transportation Care;I&I;Home care and I&I;BASF
Plurafac® LF 901; Vehicle and Transportation Care;I&I;Home care and I&I;BASF
Sokalan® PA 30 CL Granules; Vehicle and Transportation Care;I&I;Home care and I&I;BASF
Sokalan® PA 30 CL PN Granules; Vehicle and Transportation Care;I&I;Home care and I&I;BASF
Trilon® B liquid; Vehicle and Transportation Care;I&I;Home care and I&I;BASF
Trilon® B Powder; Vehicle and Transportation Care;I&I;Home care and I&I;BASF
Dehydol® 100; Vehicle and Transportation Care;I&I;Home care and I&I;BASF
Dehydol® 100/MB; Vehicle and Transportation Care;I&I;Home care and I&I;BASF
Dehydol® 980; Vehicle and Transportation Care;I&I;Home care and I&I;BASF
Dehydol® 980/MB; Vehicle and Transportation Care;I&I;Home care and I&I;BASF
Dehydol® LT 6; Vehicle and Transportation Care;I&I;Home care and I&I;BASF
Dehyton® PL; Vehicle and Transportation Care;I&I;Home care and I&I;BASF
Emulan® TO 4070; Vehicle and Transportation Care;I&I;Home care and I&I;BASF
Lutensol® AO 7; Vehicle and Transportation Care;I&I;Home care and I&I;BASF
Lutensol® CS 6250; Vehicle and Transportation Care;I&I;Home care and I&I;BASF
Luvipur® FM 75; Vehicle and Transportation Care;I&I;Home care and I&I;BASF
Luvipur® FM 85; Vehicle and Transportation Care;I&I;Home care and I&I;BASF
Luvipur® FM 99; Vehicle and Transportation Care;I&I;Home care and I&I;BASF
Plurafac® LF 900; Vehicle and Transportation Care;I&I;Home care and I&I;BASF
Sokalan® CP 10; Vehicle and Transportation Care;I&I;Home care and I&I;BASF
Sokalan® HP 20; Vehicle and Transportation Care;I&I;Home care and I&I;BASF
Sokalan® PA 25 CL PN; Vehicle and Transportation Care;I&I;Home care and I&I;BASF
Sulfopon® 101 UP; Vehicle and Transportation Care;I&I;Home care and I&I;BASF
Trilon® M Max EcoBalanced; Vehicle and Transportation Care;I&I;Home care and I&I;BASF
Dehyton® PK 45; Vehicle and Transportation Care;I&I;Home care and I&I;BASF
Lutensol® TO 8; Vehicle and Transportation Care;I&I;Home care and I&I;BASF
Lutensol® XP 40; Vehicle and Transportation Care;I&I;Home care and I&I;BASF
Lutensol® XP 70; Vehicle and Transportation Care;I&I;Home care and I&I;BASF
Lutropur® MSA; Vehicle and Transportation Care;I&I;Home care and I&I;BASF
Plantatex® LLE; Vehicle and Transportation Care;I&I;Home care and I&I;BASF
Sokalan® CP 9; Vehicle and Transportation Care;I&I;Home care and I&I;BASF
Texapon® EHS; Vehicle and Transportation Care;I&I;Home care and I&I;BASF
Trilon® M Granules SG; Vehicle and Transportation Care;I&I;Home care and I&I;BASF
Trilon® M Liquid; Vehicle and Transportation Care;I&I;Home care and I&I;BASF
Trilon® M Max BioBased L; Vehicle and Transportation Care;I&I;Home care and I&I;BASF
Lutensol® AO 11;Commercial Laundry;I&I;Home care and I&I;BASF
Lutensol® AO 3;Commercial Laundry;I&I;Home care and I&I;BASF
Lutensol® AT 25 E;Commercial Laundry;I&I;Home care and I&I;BASF
Lutensol® AT 25 Powder;Commercial Laundry;I&I;Home care and I&I;BASF
Lutensol® AT 50 Flakes;Commercial Laundry;I&I;Home care and I&I;BASF
Lutensol® AT 50 Powder;Commercial Laundry;I&I;Home care and I&I;BASF
Lutensol® ON 30;Commercial Laundry;I&I;Home care and I&I;BASF
Lutensol® ON 50;Commercial Laundry;I&I;Home care and I&I;BASF
Lutensol® ON 70;Commercial Laundry;I&I;Home care and I&I;BASF
Lutensol® ON 80;Commercial Laundry;I&I;Home care and I&I;BASF
Maranil® DBS/E;Commercial Laundry;I&I;Home care and I&I;BASF
Sokalan® HP 50;Commercial Laundry;I&I;Home care and I&I;BASF
Sokalan® HP 53;Commercial Laundry;I&I;Home care and I&I;BASF
Dehydol® 100;Dishwashing;Homecare;Home care and I&I;BASF
Dehydol® 100/MB;Dishwashing;Homecare;Home care and I&I;BASF
Dehypon® 2574;Dishwashing;Homecare;Home care and I&I;BASF
Dehypon® 2574/MB;Dishwashing;Homecare;Home care and I&I;BASF
Dehypon® E 126;Dishwashing;Homecare;Home care and I&I;BASF
Dehypon® E 127;Dishwashing;Homecare;Home care and I&I;BASF
Dehypon® GRA;Dishwashing;Homecare;Home care and I&I;BASF
Dehypon® KE 3447;Dishwashing;Homecare;Home care and I&I;BASF
Dehypon® LS 24;Dishwashing;Homecare;Home care and I&I;BASF
Dehypon® LS 24/MB;Dishwashing;Homecare;Home care and I&I;BASF
Dehypon® LS 36;Dishwashing;Homecare;Home care and I&I;BASF
Dehypon® LS 36/MB;Dishwashing;Homecare;Home care and I&I;BASF
Dehypon® LS 45;Dishwashing;Homecare;Home care and I&I;BASF
Dehypon® LS 45/MB;Dishwashing;Homecare;Home care and I&I;BASF
Dehypon® LS 54;Dishwashing;Homecare;Home care and I&I;BASF
Dehypon® LS 54/MB;Dishwashing;Homecare;Home care and I&I;BASF
Dehypon® LT 104;Dishwashing;Homecare;Home care and I&I;BASF
Dehypon® LT 104 L;Dishwashing;Homecare;Home care and I&I;BASF
Dehypon® WET;Dishwashing;Homecare;Home care and I&I;BASF
Dehyton® KE UP;Dishwashing;Homecare;Home care and I&I;BASF
Dehyton® P CAW;Dishwashing;Homecare;Home care and I&I;BASF
Dehyton® PK 45;Dishwashing;Homecare;Home care and I&I;BASF
Dehyton® PK 45 LA;Dishwashing;Homecare;Home care and I&I;BASF
Dehyton® PL;Dishwashing;Homecare;Home care and I&I;BASF
Emulan® AT 9;Dishwashing;Homecare;Home care and I&I;BASF
Emulan® AT 9/MB;Dishwashing;Homecare;Home care and I&I;BASF
Glucopon® 425 N/HH;Dishwashing;Homecare;Home care and I&I;BASF
Lutensol® AT 80 E;Dishwashing;Homecare;Home care and I&I;BASF
Lutensol® AT 80 Powder;Dishwashing;Homecare;Home care and I&I;BASF
Lutensol® CS 6250;Dishwashing;Homecare;Home care and I&I;BASF
Lutensol® TO 7;Dishwashing;Homecare;Home care and I&I;BASF
Lutensol® XL 60;Dishwashing;Homecare;Home care and I&I;BASF
Lutensol® XL 79;Dishwashing;Homecare;Home care and I&I;BASF
Lutensol® XL 89;Dishwashing;Homecare;Home care and I&I;BASF
Lutensol® XP 40;Dishwashing;Homecare;Home care and I&I;BASF
Lutensol® XP 60;Dishwashing;Homecare;Home care and I&I;BASF
Lutensol® XP 69;Dishwashing;Homecare;Home care and I&I;BASF
Lutensol® XP 89;Dishwashing;Homecare;Home care and I&I;BASF
Lutensol® XP 99;Dishwashing;Homecare;Home care and I&I;BASF
Lutropur® MSA;Dishwashing;Homecare;Home care and I&I;BASF
Plurafac® LF 120;Dishwashing;Homecare;Home care and I&I;BASF
Plurafac® LF 220;Dishwashing;Homecare;Home care and I&I;BASF
Plurafac® LF 221;Dishwashing;Homecare;Home care and I&I;BASF
Plurafac® LF 224;Dishwashing;Homecare;Home care and I&I;BASF
Plurafac® LF 231;Dishwashing;Homecare;Home care and I&I;BASF
Plurafac® LF 300;Dishwashing;Homecare;Home care and I&I;BASF
Plurafac® LF 303;Dishwashing;Homecare;Home care and I&I;BASF
Plurafac® LF 305;Dishwashing;Homecare;Home care and I&I;BASF
Plurafac® LF 400;Dishwashing;Homecare;Home care and I&I;BASF
Plurafac® LF 403;Dishwashing;Homecare;Home care and I&I;BASF
Plurafac® LF 7319;Dishwashing;Homecare;Home care and I&I;BASF
Plurafac® LF 801;Dishwashing;Homecare;Home care and I&I;BASF
Plurafac® LF 900;Dishwashing;Homecare;Home care and I&I;BASF
Plurafac® LF 901;Dishwashing;Homecare;Home care and I&I;BASF
Pluriol® E 1500 E;Dishwashing;Homecare;Home care and I&I;BASF
Pluriol® E 1500 Flakes;Dishwashing;Homecare;Home care and I&I;BASF
Pluriol® E 1500 Powder K;Dishwashing;Homecare;Home care and I&I;BASF
Pluriol® E 4000;Dishwashing;Homecare;Home care and I&I;BASF
Pluriol® E 4000 Flakes;Dishwashing;Homecare;Home care and I&I;BASF
Pluriol® E 4000 Powder;Dishwashing;Homecare;Home care and I&I;BASF
Polyquart® 149 A;Dishwashing;Homecare;Home care and I&I;BASF
Polyquart® Ecoclean;Dishwashing;Homecare;Home care and I&I;BASF
Polyquart® Pro A;Dishwashing;Homecare;Home care and I&I;BASF
Polyquart® S Granules;Dishwashing;Homecare;Home care and I&I;BASF
Sokalan® CP 10 S;Dishwashing;Homecare;Home care and I&I;BASF
Sokalan® CP 12 S;Dishwashing;Homecare;Home care and I&I;BASF
Sokalan® CP 13 S;Dishwashing;Homecare;Home care and I&I;BASF
Sokalan® CP 50 Granules;Dishwashing;Homecare;Home care and I&I;BASF
Sokalan® PA 15;Dishwashing;Homecare;Home care and I&I;BASF
Sokalan® PA 25 CL PN;Dishwashing;Homecare;Home care and I&I;BASF
Texapon® EHS;Dishwashing;Homecare;Home care and I&I;BASF
Texapon® N 703;Dishwashing;Homecare;Home care and I&I;BASF
Tinogard® CT;Dishwashing;Homecare;Home care and I&I;BASF
Tinogard® HS;Dishwashing;Homecare;Home care and I&I;BASF
Trilon® M Max Granules;Dishwashing;Homecare;Home care and I&I;BASF
Trilon® M Max Liquid;Dishwashing;Homecare;Home care and I&I;BASF
Trilon® Ultimate 1 G;Dishwashing;Homecare;Home care and I&I;BASF
Trilon® Ultimate 2 G;Dishwashing;Homecare;Home care and I&I;BASF
Dehypon® G 2084;Food and Beverage Processing;I&I;Home care and I&I;BASF
Dehypon® OCP 502z;Food and Beverage Processing;I&I;Home care and I&I;BASF
Korantin® MAT;Food and Beverage Processing;I&I;Home care and I&I;BASF
Korantin® PP;Food and Beverage Processing;I&I;Home care and I&I;BASF
Lorol® Technisch;Food and Beverage Processing;I&I;Home care and I&I;BASF
Lutensit® A-EP;Food and Beverage Processing;I&I;Home care and I&I;BASF
Pluronic® RPE 1740;Food and Beverage Processing;I&I;Home care and I&I;BASF
Sokalan® CP 50;Food and Beverage Processing;I&I;Home care and I&I;BASF
Degressal® SD 20;Food Service and Kitchen Hygiene;I&I;Home care and I&I;BASF
Dehydol® O4 Deo;Food Service and Kitchen Hygiene;I&I;Home care and I&I;BASF
Deriphat® 160 C;Food Service and Kitchen Hygiene;I&I;Home care and I&I;BASF
Glucopon® 100 DK;Food Service and Kitchen Hygiene;I&I;Home care and I&I;BASF
Glucopon® 215 UP/MB;Food Service and Kitchen Hygiene;I&I;Home care and I&I;BASF
Glucopon® 225 DK;Food Service and Kitchen Hygiene;I&I;Home care and I&I;BASF
Glucopon® 225 DK/MB (EU);Food Service and Kitchen Hygiene;I&I;Home care and I&I;BASF
Glucopon® GD 70;Food Service and Kitchen Hygiene;I&I;Home care and I&I;BASF
Lutensol® FA 12 K;Food Service and Kitchen Hygiene;I&I;Home care and I&I;BASF
Lutensol® PO 5;Food Service and Kitchen Hygiene;I&I;Home care and I&I;BASF
Lutensol® TO 10;Food Service and Kitchen Hygiene;I&I;Home care and I&I;BASF
Lutensol® TO 109;Food Service and Kitchen Hygiene;I&I;Home care and I&I;BASF
Lutensol® TO 12;Food Service and Kitchen Hygiene;I&I;Home care and I&I;BASF
Lutensol® TO 129;Food Service and Kitchen Hygiene;I&I;Home care and I&I;BASF
Lutensol® TO 2;Food Service and Kitchen Hygiene;I&I;Home care and I&I;BASF
Lutensol® TO 20;Food Service and Kitchen Hygiene;I&I;Home care and I&I;BASF
Lutensol® TO 3;Food Service and Kitchen Hygiene;I&I;Home care and I&I;BASF
Lutensol® TO 389;Food Service and Kitchen Hygiene;I&I;Home care and I&I;BASF
Lutensol® TO 5;Food Service and Kitchen Hygiene;I&I;Home care and I&I;BASF
Lutensol® TO 6;Food Service and Kitchen Hygiene;I&I;Home care and I&I;BASF
Lutensol® TO 89;Food Service and Kitchen Hygiene;I&I;Home care and I&I;BASF
Lutensol® XP 79;Food Service and Kitchen Hygiene;I&I;Home care and I&I;BASF
Plurafac® LF 1300;Food Service and Kitchen Hygiene;I&I;Home care and I&I;BASF
Plurafac® LF 131;Food Service and Kitchen Hygiene;I&I;Home care and I&I;BASF
Plurafac® LF 1430;Food Service and Kitchen Hygiene;I&I;Home care and I&I;BASF
Plurafac® LF 401;Food Service and Kitchen Hygiene;I&I;Home care and I&I;BASF
Plurafac® LF 404;Food Service and Kitchen Hygiene;I&I;Home care and I&I;BASF
Plurafac® LF 431;Food Service and Kitchen Hygiene;I&I;Home care and I&I;BASF
Plurafac® LF 500;Food Service and Kitchen Hygiene;I&I;Home care and I&I;BASF
Plurafac® LF 600;Food Service and Kitchen Hygiene;I&I;Home care and I&I;BASF
Plurafac® LF 711;Food Service and Kitchen Hygiene;I&I;Home care and I&I;BASF
Plurafac® LF 802;Food Service and Kitchen Hygiene;I&I;Home care and I&I;BASF
Plurafac® LF 802/MB;Food Service and Kitchen Hygiene;I&I;Home care and I&I;BASF
Plurafac® SLF 180;Food Service and Kitchen Hygiene;I&I;Home care and I&I;BASF
Pluronic® PE 6100;Food Service and Kitchen Hygiene;I&I;Home care and I&I;BASF
Pluronic® PE 6200;Food Service and Kitchen Hygiene;I&I;Home care and I&I;BASF
Pluronic® PE 6400;Food Service and Kitchen Hygiene;I&I;Home care and I&I;BASF
Pluronic® PE 8100;Food Service and Kitchen Hygiene;I&I;Home care and I&I;BASF
Pluronic® RPE 2520;Food Service and Kitchen Hygiene;I&I;Home care and I&I;BASF
Pluronic® RPE 3110;Food Service and Kitchen Hygiene;I&I;Home care and I&I;BASF
Protectol® GA 24;Food Service and Kitchen Hygiene;I&I;Home care and I&I;BASF
Protectol® GA 24 AS;Food Service and Kitchen Hygiene;I&I;Home care and I&I;BASF
Protectol® GA 50;Food Service and Kitchen Hygiene;I&I;Home care and I&I;BASF
Protectol® GA 50 AS;Food Service and Kitchen Hygiene;I&I;Home care and I&I;BASF
Protectol® GA 50 non BPR;Food Service and Kitchen Hygiene;I&I;Home care and I&I;BASF
Protectol® PE;Food Service and Kitchen Hygiene;I&I;Home care and I&I;BASF
Rheovis® CSP;Food Service and Kitchen Hygiene;I&I;Home care and I&I;BASF
Sokalan® DCS;Food Service and Kitchen Hygiene;I&I;Home care and I&I;BASF
Trilon® BS;Food Service and Kitchen Hygiene;I&I;Home care and I&I;BASF
Dehyton® K;Hard Surface Cleaning;;Home care and I&I;BASF
Demelan® AU-39/Bio;Hard Surface Cleaning;;Home care and I&I;BASF
Demelan® VPC;Hard Surface Cleaning;;Home care and I&I;BASF
Emulan® TO 4070;Hard Surface Cleaning;;Home care and I&I;BASF
Luvipur® FM 75;Hard Surface Cleaning;;Home care and I&I;BASF
Luvipur® FM 85;Hard Surface Cleaning;;Home care and I&I;BASF
Luvipur® FM 99;Hard Surface Cleaning;;Home care and I&I;BASF
Monophenylglycol pure;Hard Surface Cleaning;;Home care and I&I;BASF
Phenoxypropanol;Hard Surface Cleaning;;Home care and I&I;BASF
Poligen® WE 1;Hard Surface Cleaning;;Home care and I&I;BASF
Poligen® WE 3;Hard Surface Cleaning;;Home care and I&I;BASF
Poligen® WE 4;Hard Surface Cleaning;;Home care and I&I;BASF
Poligen® WE 6;Hard Surface Cleaning;;Home care and I&I;BASF
Polyquart® Ecoclean Max;Hard Surface Cleaning;;Home care and I&I;BASF
Polyquart® PN 60;Hard Surface Cleaning;;Home care and I&I;BASF
Protectol® FM 75;Hard Surface Cleaning;;Home care and I&I;BASF
Protectol® FM 85;Hard Surface Cleaning;;Home care and I&I;BASF
Protectol® FM 99;Hard Surface Cleaning;;Home care and I&I;BASF
Protectol® GL;Hard Surface Cleaning;;Home care and I&I;BASF
Protectol® GL non BPR;Hard Surface Cleaning;;Home care and I&I;BASF
Protectol® NP S;Hard Surface Cleaning;;Home care and I&I;BASF
Sokalan® CP 10;Hard Surface Cleaning;;Home care and I&I;BASF
Emulan® EL;Industrial Cleaning;I&I;Home care and I&I;BASF
Disponil® AFX 4030;Institutional Cleaning and Sanitation;I&I;Home care and I&I;BASF
Disponil® SUS IC 875;Institutional Cleaning and Sanitation;I&I;Home care and I&I;BASF
Korantin® PM;Institutional Cleaning and Sanitation;I&I;Home care and I&I;BASF
Pluronic® RPE 1720;Institutional Cleaning and Sanitation;I&I;Home care and I&I;BASF
Poligen® Wax V Flakes;Institutional Cleaning and Sanitation;I&I;Home care and I&I;BASF
Protectol® BN;Institutional Cleaning and Sanitation;I&I;Home care and I&I;BASF
Trilon® BD;Institutional Cleaning and Sanitation;I&I;Home care and I&I;BASF
Cibafast® HA Liquid;Laundry;;Home care and I&I;BASF
Dehydol® 04 Deo;Laundry;;Home care and I&I;BASF
Dehydol® 980;Laundry;;Home care and I&I;BASF
Dehydol® 980/MB;Laundry;;Home care and I&I;BASF
Dehydol® LS 6/MB;Laundry;;Home care and I&I;BASF
Dehydol® LT 6;Laundry;;Home care and I&I;BASF
Dehydol® LT 7;Laundry;;Home care and I&I;BASF
Dehydol® LT 7/MB;Laundry;;Home care and I&I;BASF
Dehypound® GL;Laundry;;Home care and I&I;BASF
Dehypound® LLD 60;Laundry;;Home care and I&I;BASF
Dehypound® SK 7;Laundry;;Home care and I&I;BASF
Demelan® GC 17;Laundry;;Home care and I&I;BASF
Disponil® LDBS 55;Laundry;;Home care and I&I;BASF
Euperlan® HCO;Laundry;;Home care and I&I;BASF
Glucopon® 215 UP;Laundry;;Home care and I&I;BASF
Glucopon® 50 G;Laundry;;Home care and I&I;BASF
Glucopon® 600 CSUP;Laundry;;Home care and I&I;BASF
Glucopon® 600 CSUP/MB;Laundry;;Home care and I&I;BASF
Glucopon® 650 EC;Laundry;;Home care and I&I;BASF
Glucopon® 650 EC/MB;Laundry;;Home care and I&I;BASF
Lavergy® Pro 104 L;Laundry;;Home care and I&I;BASF
Lavergy® Pro 104 LS;Laundry;;Home care and I&I;BASF
Lutensol® A 7 N;Laundry;;Home care and I&I;BASF
Lutensol® A 7 N/MB;Laundry;;Home care and I&I;BASF
Lutensol® AO 5;Laundry;;Home care and I&I;BASF
Lutensol® AO 7;Laundry;;Home care and I&I;BASF
Lutensol® AO 8;Laundry;;Home care and I&I;BASF
Lutensol® AT 25 Flakes;Laundry;;Home care and I&I;BASF
Lutensol® AT 25 Flakes/MB;Laundry;;Home care and I&I;BASF
Lutensol® M 5;Laundry;;Home care and I&I;BASF
Lutensol® M 5/MB;Laundry;;Home care and I&I;BASF
Lutensol® M 7;Laundry;;Home care and I&I;BASF
Lutensol® M 7/MB (EU);Laundry;;Home care and I&I;BASF
Lutensol® TO 8;Laundry;;Home care and I&I;BASF
Lutensol® XL 100;Laundry;;Home care and I&I;BASF
Lutensol® XL 140;Laundry;;Home care and I&I;BASF
Lutensol® XL 40;Laundry;;Home care and I&I;BASF
Lutensol® XL 50;Laundry;;Home care and I&I;BASF
Lutensol® XL 70;Laundry;;Home care and I&I;BASF
Lutensol® XL 80;Laundry;;Home care and I&I;BASF
Lutensol® XL 90;Laundry;;Home care and I&I;BASF
Lutensol® XP 100;Laundry;;Home care and I&I;BASF
Lutensol® XP 30;Laundry;;Home care and I&I;BASF
Lutensol® XP 50;Laundry;;Home care and I&I;BASF
Lutensol® XP 70;Laundry;;Home care and I&I;BASF
Lutensol® XP 80;Laundry;;Home care and I&I;BASF
Lutensol® XP 90;Laundry;;Home care and I&I;BASF
Maranil® DBS/LC;Laundry;;Home care and I&I;BASF
Plantatex® HCC;Laundry;;Home care and I&I;BASF
Plantatex® LLE;Laundry;;Home care and I&I;BASF
Pluriol® E 200;Laundry;;Home care and I&I;BASF
Pluriol® E 600;Laundry;;Home care and I&I;BASF
Pluriol® E 6000 Flakes;Laundry;;Home care and I&I;BASF
Pluriol® E 6000 Powder;Laundry;;Home care and I&I;BASF
Pluriol® P 600;Laundry;;Home care and I&I;BASF
Polyquart® SD 09;Laundry;;Home care and I&I;BASF
Rheovis® AT 120;Laundry;;Home care and I&I;BASF
Rheovis® CDE Pro;Laundry;;Home care and I&I;BASF
Rheovis® FRC;Laundry;;Home care and I&I;BASF
Rheovis® TTA;Laundry;;Home care and I&I;BASF
Sokalan® CP 45 Granules;Laundry;;Home care and I&I;BASF
Sokalan® CP 5;Laundry;;Home care and I&I;BASF
Sokalan® CP 5 Granules;Laundry;;Home care and I&I;BASF
Sokalan® CP 7;Laundry;;Home care and I&I;BASF
Sokalan® CP 7 Granules NL;Laundry;;Home care and I&I;BASF
Sokalan® CP 9;Laundry;;Home care and I&I;BASF
Sokalan® HP 165;Laundry;;Home care and I&I;BASF
Sokalan® HP 20;Laundry;;Home care and I&I;BASF
Sokalan® HP 25;Laundry;;Home care and I&I;BASF
Sokalan® HP 56 A;Laundry;;Home care and I&I;BASF
Sokalan® HP 56 Granules;Laundry;;Home care and I&I;BASF
Sokalan® HP 66 K;Laundry;;Home care and I&I;BASF
Sokalan® HP 96;Laundry;;Home care and I&I;BASF
Sokalan® PA 25 CL Granules;Laundry;;Home care and I&I;BASF
Sokalan® PA 30 CL;Laundry;;Home care and I&I;BASF
Sokalan® PA 30 CL Granules;Laundry;;Home care and I&I;BASF
Sokalan® PA 30 CL PN Granules;Laundry;;Home care and I&I;BASF
Sulfopon® 101 UP;Laundry;;Home care and I&I;BASF
Sulfopon® 1214 G;Laundry;;Home care and I&I;BASF
Sulfopon® 1216 G;Laundry;;Home care and I&I;BASF
Sulfopon® 1218 G;Laundry;;Home care and I&I;BASF
Sulfopon® 8515 G;Laundry;;Home care and I&I;BASF
Texapon® 842 UP;Laundry;;Home care and I&I;BASF
Texapon® K 30 UP;Laundry;;Home care and I&I;BASF
Texapon® LS 30;Laundry;;Home care and I&I;BASF
Texapon® N 70;Laundry;;Home care and I&I;BASF
Texapon® N 701;Laundry;;Home care and I&I;BASF
Texapon® NSO UP;Laundry;;Home care and I&I;BASF
Tinogard® DA;Laundry;;Home care and I&I;BASF
Tinogard® Q;Laundry;;Home care and I&I;BASF
Tinogard® TL;Laundry;;Home care and I&I;BASF
Tinogard® TS;Laundry;;Home care and I&I;BASF
Tinogard® TT;Laundry;;Home care and I&I;BASF
Tinolux® BBS;Laundry;;Home care and I&I;BASF
Tinolux® BMC Liquid;Laundry;;Home care and I&I;BASF
Tinolux® BMC Solid;Laundry;;Home care and I&I;BASF
Tinopal® CBS SP Slurry 33;Laundry;;Home care and I&I;BASF
Tinopal® CBS-CL;Laundry;;Home care and I&I;BASF
Tinopal® CBS-X;Laundry;;Home care and I&I;BASF
Tinopal® DMA-X;Laundry;;Home care and I&I;BASF
Tinopal® DMA-X Conc.;Laundry;;Home care and I&I;BASF
Tinopal® SWN Conc;Laundry;;Home care and I&I;BASF
Tinosan® HP 100;Laundry;;Home care and I&I;BASF
Trilon® B liquid;Laundry;;Home care and I&I;BASF
Trilon® B Powder;Laundry;;Home care and I&I;BASF
Trilon® BX Liquid;Laundry;;Home care and I&I;BASF
Trilon® BX Powder;Laundry;;Home care and I&I;BASF
Trilon® M Granules SG;Laundry;;Home care and I&I;BASF
Trilon® M Liquid;Laundry;;Home care and I&I;BASF
Trilon® M Max BioBased L;Laundry;;Home care and I&I;BASF
Trilon® M Max EcoBalanced;Laundry;;Home care and I&I;BASF
Trilon® M Powder;Laundry;;Home care and I&I;BASF
Dehyquart® CSP;Vehicle and Transportation Care;I&I;Home care and I&I;BASF
Emulan® A;Vehicle and Transportation Care;I&I;Home care and I&I;BASF
Plurafac® LF 223;Dishwashing;Homecare;Home care and I&I;BASF
;;;;
;;;;
;;;;
;;;;
;;;;
;;;;
;;;;
;;;;
;;;;
;;;;
;;;;
;;;;
;;;;
;;;;
;;;;
;;;;
;;;;
;;;;
;;;;
;;;;
;;;;
;;;;
;;;;
;;;;
;;;;
;;;;
;;;;
;;;;
;;;;
;;;;
;;;;
;;;;
;;;;
;;;;
;;;;
;;;;
;;;;
;;;;
;;;;
;;;;
;;;;
;;;;
;;;;
;;;;
;;;;
;;;;
;;;;
;;;;
;;;;
;;;;
;;;;
;;;;
;;;;
;;;;
;;;;
;;;;
;;;;
;;;;
;;;;
;;;;
;;;;
;;;;
;;;;
;;;;
;;;;
;;;;
;;;;
;;;;
;;;;
;;;;
;;;;
;;;;
;;;;
;;;;
;;;;
;;;;
;;;;
;;;;
;;;;
;;;;
;;;;
;;;;
;;;;
;;;;
;;;;
;;;;
;;;;
;;;;
;;;;
;;;;
;;;;
;;;;
;;;;
;;;;
;;;;
;;;;
;;;;
;;;;
;;;;
;;;;
;;;;
;;;;
;;;;
;;;;
;;;;
;;;;
;;;;
;;;;
;;;;
;;;;
;;;;
;;;;
;;;;
;;;;
;;;;
;;;;
;;;;
;;;;
;;;;
;;;;
;;;;
;;;;
;;;;
;;;;
;;;;
;;;;
;;;;
;;;;
;;;;
;;;;
;;;;
;;;;
;;;;
;;;;
;;;;
;;;;
;;;;
;;;;
;;;;
;;;;
;;;;
;;;;
;;;;
;;;;
;;;;
;;;;
;;;;
;;;;
;;;;
;;;;
;;;;
;;;;
;;;;
;;;;
;;;;
;;;;
;;;;
;;;;
;;;;
;;;;
;;;;
;;;;
;;;;
;;;;
;;;;
;;;;
;;;;
;;;;
;;;;
;;;;
;;;;
;;;;
;;;;
;;;;
;;;;
;;;;
;;;;
;;;;
;;;;
;;;;
;;;;
;;;;
;;;;
;;;;
;;;;
;;;;
;;;;
;;;;
;;;;
;;;;
;;;;
;;;;
;;;;
;;;;
;;;;
;;;;
;;;;
;;;;
;;;;
;;;;
;;;;
;;;;
;;;;
;;;;
;;;;
;;;;
;;;;
;;;;
;;;;
;;;;
;;;;
;;;;
;;;;
;;;;
;;;;
;;;;
;;;;
;;;;
;;;;
;;;;
;;;;
;;;;
;;;;
;;;;
;;;;
;;;;
;;;;
;;;;
;;;;
;;;;
;;;;
;;;;
;;;;
;;;;
;;;;
;;;;
;;;;
;;;;
;;;;
;;;;
;;;;
;;;;
;;;;
;;;;
;;;;
;;;;
;;;;
;;;;
;;;;
;;;;
;;;;
;;;;
;;;;
;;;;
;;;;
;;;;
;;;;
;;;;
;;;;
;;;;
;;;;
;;;;
;;;;
;;;;
;;;;
;;;;
;;;;
;;;;
;;;;
;;;;
;;;;
;;;;
;;;;
;;;;
;;;;
;;;;
;;;;
;;;;
;;;;
;;;;
;;;;
;;;;
;;;;
;;;;
;;;;
;;;;
;;;;
;;;;
;;;;
;;;;
;;;;
;;;;
;;;;
;;;;
;;;;
;;;;
;;;;
;;;;
;;;;
;;;;
;;;;
;;;;
;;;;
;;;;
;;;;
;;;;
;;;;
;;;;
;;;;
;;;;
;;;;
;;;;
;;;;
;;;;
;;;;
;;;;
;;;;
;;;;
;;;;
;;;;
;;;;
;;;;
;;;;
;;;;
;;;;
;;;;
;;;;
;;;;
;;;;
;;;;
;;;;
;;;;
;;;;
;;;;
;;;;
;;;;
;;;;
;;;;
;;;;
;;;;
;;;;
;;;;
;;;;
;;;;
;;;;
;;;;
;;;;
;;;;
;;;;
;;;;
;;;;
;;;;
;;;;
;;;;
;;;;
;;;;
;;;;
;;;;
;;;;
;;;;
;;;;
;;;;
;;;;
;;;;
;;;;
;;;;
;;;;
;;;;
;;;;
;;;;
;;;;
;;;;
;;;;
;;;;
;;;;
;;;;
;;;;
;;;;
;;;;
;;;;
;;;;
;;;;
;;;;
;;;;
;;;;
;;;;
;;;;
;;;;
;;;;
;;;;
;;;;
;;;;
;;;;
;;;;
;;;;
;;;;
;;;;
;;;;
;;;;
;;;;
;;;;
;;;;
;;;;
;;;;
;;;;
;;;;
;;;;
;;;;
;;;;
;;;;
;;;;
;;;;
;;;;
;;;;
;;;;
;;;;
;;;;
;;;;
;;;;
;;;;
;;;;
;;;;
;;;;
;;;;
;;;;
;;;;
;;;;
;;;;
;;;;
;;;;
;;;;
;;;;
;;;;
;;;;
;;;;
;;;;
;;;;
;;;;
;;;;
;;;;
;;;;
;;;;
;;;;
;;;;
;;;;
;;;;
;;;;
;;;;
;;;;
;;;;
;;;;
;;;;
;;;;
;;;;
;;;;
;;;;
;;;;
;;;;
;;;;
;;;;
;;;;
;;;;
;;;;
;;;;
;;;;
;;;;
;;;;
;;;;
;;;;
;;;;
;;;;
;;;;
;;;;
;;;;
;;;;
;;;;
;;;;
;;;;
;;;;
;;;;
;;;;
;;;;
;;;;
;;;;
;;;;
;;;;
;;;;
;;;;
;;;;
;;;;
;;;;
;;;;
;;;;
;;;;
;;;;
;;;;
;;;;
;;;;
;;;;
;;;;
;;;;
;;;;
;;;;
;;;;
;;;;
;;;;
;;;;
;;;;
;;;;
;;;;
;;;;
;;;;
;;;;
;;;;
;;;;
;;;;
;;;;
;;;;
;;;;
;;;;
;;;;
;;;;
;;;;
;;;;
;;;;
;;;;
;;;;
;;;;
;;;;
;;;;
;;;;
;;;;
;;;;
;;;;
;;;;
;;;;
;;;;
;;;;
;;;;
;;;;
;;;;
;;;;
;;;;
;;;;
;;;;
;;;;
;;;;
;;;;
;;;;
;;;;
;;;;
;;;;
;;;;
;;;;
;;;;
;;;;
;;;;
;;;;
;;;;
;;;;
;;;;
;;;;
;;;;
;;;;
;;;;
;;;;
;;;;
;;;;
;;;;
;;;;
;;;;
;;;;
;;;;
;;;;
;;;;
;;;;
;;;;
;;;;
;;;;
;;;;
;;;;
;;;;
;;;;
;;;;
;;;;
;;;;
;;;;
;;;;
;;;;
;;;;
;;;;
;;;;
;;;;
;;;;
;;;;
;;;;
;;;;
;;;;
;;;;
;;;;
;;;;
;;;;
;;;;
;;;;
;;;;
;;;;
;;;;
;;;;
;;;;
;;;;
;;;;
;;;;
;;;;
;;;;
;;;;
;;;;
;;;;
;;;;
;;;;
;;;;
;;;;
;;;;
;;;;
;;;;
;;;;
;;;;
;;;;
;;;;
;;;;
;;;;
;;;;
;;;;
;;;;
;;;;
;;;;
;;;;
;;;;
;;;;
;;;;
;;;;
;;;;
;;;;
;;;;
;;;;
;;;;
;;;;
;;;;
;;;;
;;;;
;;;;
;;;;
;;;;
;;;;
;;;;
;;;;
;;;;
;;;;
;;;;
;;;;
;;;;
;;;;
;;;;
;;;;
;;;;
;;;;
;;;;
;;;;
;;;;
;;;;
;;;;
;;;;
;;;;
;;;;
;;;;
;;;;
;;;;
;;;;
;;;;
;;;;
;;;;
;;;;
;;;;
;;;;
;;;;
;;;;
;;;;
;;;;
;;;;
;;;;
;;;;
;;;;
;;;;
;;;;
;;;;
;;;;
;;;;
;;;;
;;;;
;;;;
;;;;
;;;;
;;;;
;;;;
;;;;
;;;;
;;;;
;;;;
;;;;
;;;;
;;;;
;;;;
;;;;
;;;;
;;;;
;;;;
;;;;
;;;;
;;;;
;;;;
;;;;
;;;;
;;;;
;;;;
;;;;
;;;;
;;;;
;;;;
;;;;
;;;;
;;;;
;;;;
;;;;
;;;;
;;;;
;;;;
;;;;
;;;;
;;;;
;;;;
;;;;
;;;;
;;;;
;;;;
;;;;
;;;;
;;;;
;;;;
;;;;
;;;;
;;;;
;;;;
;;;;
;;;;
;;;;
;;;;
;;;;
;;;;
;;;;
;;;;
;;;;
;;;;
;;;;
;;;;
;;;;
;;;;
;;;;
;;;;
;;;;
;;;;
;;;;
;;;;
;;;;
;;;;
;;;;
;;;;
;;;;
;;;;
;;;;
;;;;
;;;;
;;;;
;;;;
;;;;
;;;;
;;;;
;;;;
;;;;
;;;;
;;;;
;;;;
;;;;
;;;;
;;;;
;;;;
;;;;
;;;;
;;;;
;;;;
;;;;
;;;;
;;;;
;;;;
;;;;
;;;;
;;;;
;;;;
;;;;
;;;;
;;;;
;;;;
;;;;
;;;;
;;;;
;;;;
;;;;
;;;;
;;;;
;;;;
;;;;
;;;;
;;;;
;;;;
;;;;
;;;;
;;;;
;;;;
;;;;
;;;;
;;;;
;;;;
;;;;
;;;;
;;;;
;;;;
;;;;
;;;;
;;;;
;;;;
;;;;
;;;;
;;;;
;;;;
;;;;
;;;;
;;;;
;;;;
;;;;
;;;;
;;;;
;;;;
;;;;
;;;;
;;;;
;;;;
;;;;
;;;;
;;;;
;;;;
;;;;
;;;;
;;;;
;;;;
;;;;
;;;;
;;;;
;;;;
;;;;
;;;;
;;;;
;;;;
;;;;
;;;;
;;;;
;;;;
;;;;
;;;;
;;;;
;;;;
;;;;
;;;;
;;;;
;;;;
;;;;
;;;;
;;;;
;;;;
;;;;
;;;;
;;;;
;;;;
;;;;
;;;;
;;;;
;;;;
;;;;
;;;;
;;;;
;;;;
;;;;
;;;;
;;;;
;;;;
;;;;
;;;;
;;;;
;;;;
;;;;
;;;;
;;;;
;;;;
;;;;
;;;;
;;;;
;;;;
;;;;
;;;;
;;;;
;;;;
;;;;
;;;;
;;;;
;;;;
;;;;
;;;;
;;;;
;;;;
;;;;
;;;;
;;;;
;;;;
;;;;
;;;;
;;;;
;;;;
;;;;
;;;;
;;;;
;;;;
;;;;
;;;;
;;;;
;;;;
;;;;
;;;;
;;;;
;;;;
;;;;
;;;;
;;;;
;;;;
;;;;
;;;;
;;;;
;;;;
;;;;
;;;;
;;;;
;;;;
;;;;
;;;;
;;;;
;;;;
;;;;
;;;;
;;;;
;;;;
;;;;
;;;;
;;;;
;;;;
;;;;
;;;;
;;;;
;;;;
;;;;
;;;;
;;;;
;;;;
;;;;
;;;;
;;;;
;;;;
;;;;
;;;;
;;;;
;;;;
;;;;
;;;;
;;;;
;;;;
;;;;
;;;;
;;;;
;;;;
;;;;
;;;;
;;;;
;;;;
;;;;
;;;;
;;;;
;;;;
;;;;
;;;;
;;;;
;;;;
;;;;
;;;;
;;;;
;;;;
;;;;
;;;;
;;;;
;;;;
;;;;
;;;;
;;;;
;;;;
;;;;
;;;;
;;;;
;;;;
;;;;
;;;;
;;;;
;;;;
;;;;
;;;;
;;;;
;;;;
;;;;
;;;;
;;;;
;;;;
;;;;
;;;;
;;;;
;;;;
;;;;
;;;;
;;;;
;;;;
;;;;
;;;;
;;;;
;;;;
;;;;
;;;;
;;;;
;;;;
;;;;
;;;;
;;;;
;;;;
;;;;
;;;;
;;;;
;;;;
;;;;
;;;;
;;;;
;;;;
;;;;
;;;;
;;;;
;;;;
;;;;
;;;;
;;;;
;;;;
;;;;
;;;;
;;;;
;;;;
;;;;
;;;;
;;;;
;;;;
;;;;
;;;;
;;;;
;;;;
;;;;
;;;;
;;;;
;;;;
;;;;
;;;;
;;;;
;;;;
;;;;
;;;;
;;;;
;;;;
;;;;
;;;;
;;;;
;;;;
;;;;
;;;;
;;;;
;;;;
;;;;
;;;;
;;;;
;;;;
;;;;
;;;;
;;;;
;;;;
;;;;
;;;;
;;;;
;;;;
;;;;
;;;;
;;;;
;;;;
;;;;
;;;;
;;;;
;;;;
;;;;
;;;;
;;;;
;;;;
;;;;
;;;;
;;;;
;;;;
;;;;
;;;;
;;;;
;;;;
;;;;
;;;;
;;;;
;;;;
;;;;
;;;;
